{
  "pr_auc": 0.7869411230885709,
  "roc_auc": 0.9821431521482522,
  "precision": 0.2852112676056338,
  "recall": 0.8181818181818182,
  "f1": 0.42297650130548303,
  "threshold": 0.005948297460397131,
  "confusion": [
    [
      56660,
      203
    ],
    [
      18,
      81
    ]
  ],
  "n_positives": 99,
  "n": 56962,
  "recall_at_p90": 0.696969696969697,
  "pr_auc_uncalibrated": 0.7869411230885709,
  "dataset": "cache",
  "fraud_rate": 0.001727485630620034,
  "cost_fp": 1.0,
  "cost_fn": 50.0,
  "version": "v1"
}